{
	"populate": {
		"dirt": {

			"distribution": "uniform",
			"generator": {
				"block": "dirt",
				"material": "minecraft:stone",
				"cluster-size": 33
			},
			"cluster-count": 10,
			"min-height": 0,
			"max-height": 256,
			"retrogen": false,
			"biome": "all",
			"dimension": {
				"restriction": "blacklist",
				"value": [
					-1,
					1
				]
			}
		},

		"gravel": {
			"distribution": "uniform",
			"generator": {
				"block": "gravel",
				"material": "minecraft:stone",
				"cluster-size": 33
			},
			"cluster-count": 8,
			"min-height": 0,
			"max-height": 256,
			"retrogen": false,
			"biome": "all",
			"dimension": {
				"restriction": "blacklist",
				"value": [
					-1,
					1
				]
			}
		},

		"diorite": {
			"distribution": "uniform",
			"generator": {
				"block": {
					"name": "stone",
					"properties": {
						"variant": "diorite"
					}
				},
				"material": "minecraft:stone",
				"cluster-size": 33
			},
			"cluster-count": 10,
			"min-height": 0,
			"max-height": 80,
			"retrogen": false,
			"biome": "all",
			"dimension": {
				"restriction": "blacklist",
				"value": [
					-1,
					1
				]
			}
		},

		"granite": {
			"distribution": "uniform",
			"generator": {
				"block": {
					"name": "stone",
					"properties": {
						"variant": "granite"
					}
				},
				"material": "minecraft:stone",
				"cluster-size": 33
			},
			"cluster-count": 10,
			"min-height": 0,
			"max-height": 80,
			"retrogen": false,
			"biome": "all",
			"dimension": {
				"restriction": "blacklist",
				"value": [
					-1,
					1
				]
			}
		},

		"andesite": {
			"distribution": "uniform",
			"generator": {
				"block": {
					"name": "stone",
					"properties": {
						"variant": "andesite"
					}
				},
				"material": "minecraft:stone",
				"cluster-size": 33
			},
			"cluster-count": 10,
			"min-height": 0,
			"max-height": 80,
			"retrogen": false,
			"biome": "all",
			"dimension": {
				"restriction": "blacklist",
				"value": [
					-1,
					1
				]
			}
		},
		"silverfish": {
			"distribution": "uniform",
			"generator": {
				"block": {
					"name": "monster_egg",
					"properties": {
						"variant": "stone"
					}
				},
				"material": "minecraft:stone",
				"cluster-size": 9
			},
			"cluster-count": 7,
			"min-height": 0,
			"max-height": 64,
			"retrogen": false,
			"biome": {
				"restriction": "whitelist",
				"value": [
					{
						"type": "id",
						"entry": [
							"extreme_hills",
							"smaller_extreme_hills",
							"extreme_hills_with_trees",
							"mutated_extreme_hills",
							"mutated_extreme_hills_with_trees"
						]
					}
				]
			},
			"dimension": {
				"restriction": "blacklist",
				"value": [
					-1,
					1
				]
			}
		}
	}
}
