{
  "dependencies": [
    "thermalfoundation",
    "contenttweaker",
    "base"
  ],
  "populate": {
    "Tin": {
      "distribution": "uniform",
      "generator": {
        "block": [
          {
            "name": "thermalfoundation:ore",
            "metadata": 1,
            "weight": 100
          }
        ],
        "material": "minecraft:stone",
        "cluster-size": 156
      },
      "cluster-count": 1,
      "chunk-chance": 4,
      "min-height": 20,
      "max-height": 55,
      "dimension": {
        "restriction": "blacklist",
        "value": [
          1,
          -1
        ]
      }
    },
    "Lignite": {
      "distribution": "uniform",
      "generator": {
        "block": [
          {
            "name": "contenttweaker:sub_block_holder_4",
            "metadata": 15,
            "weight": 95
          },
          {
            "name": "minecraft:coal_ore",
            "metadata": 0,
            "weight": 5
          }
        ],
        "material": "minecraft:stone",
        "cluster-size": 162
      },
      "cluster-count": 1,
      "chunk-chance": 3,
      "min-height": 60,
      "max-height": 120,
      "dimension": {
        "restriction": "blacklist",
        "value": [
          1,
          -1
        ]
      }
    },
    "Iron": {
      "distribution": "uniform",
      "generator": {
        "block": [
          {
            "name": "minecraft:iron_ore",
            "metadata": 0,
            "weight": 30
          },
          {
            "name": "contenttweaker:sub_block_holder_4",
            "metadata": 11,
            "weight": 70
          },
          {
            "name": "appliedenergistics2:sky_stone_block",
            "metadata": 0,
            "weight": 3
          }
        ],
        "material": "minecraft:stone",
        "cluster-size": 148
      },
      "cluster-count": 2,
      "chunk-chance": 3,
      "min-height": 35,
      "max-height": 120,
      "dimension": {
        "restriction": "blacklist",
        "value": [
          1,
          -1
        ]
      }
    },
    "Coal": {
      "distribution": "uniform",
      "generator": {
        "block": [
          {
            "name": "minecraft:coal_ore",
            "metadata": 0,
            "weight": 90
          },
          {
            "name": "actuallyadditions:block_misc",
            "metadata": 3,
            "weight": 5
          },
          {
            "name": "contenttweaker:sub_block_holder_4",
            "metadata": 15,
            "weight": 5
          }
        ],
        "material": "minecraft:stone",
        "cluster-size": 144
      },
      "cluster-count": 1,
      "chunk-chance": 7,
      "min-height": 15,
      "max-height": 55,
      "dimension": {
        "restriction": "blacklist",
        "value": [
          1,
          -1
        ]
      }
    },
    "Copper": {
      "distribution": "uniform",
      "generator": {
        "block": [
          {
            "name": "thermalfoundation:ore",
            "metadata": 0,
            "weight": 65
          },
          {
            "name": "contenttweaker:sub_block_holder_0",
            "metadata": 5,
            "weight": 20
          },
          {
            "name": "contenttweaker:sub_block_holder_0",
            "metadata": 15,
            "weight": 15
          },
          {
            "name": "appliedenergistics2:sky_stone_block",
            "metadata": 0,
            "weight": 3
          }
        ],
        "material": "minecraft:stone",
        "cluster-size": 150
      },
      "cluster-count": 1,
      "chunk-chance": 6,
      "min-height": 45,
      "max-height": 120,
      "dimension": {
        "restriction": "blacklist",
        "value": [
          1,
          -1
        ]
      }
    },
    "Salt": {
      "distribution": "uniform",
      "generator": {
        "block": [
          {
            "name": "contenttweaker:sub_block_holder_3",
            "metadata": 12,
            "weight": 80
          },
          {
            "name": "nuclearcraft:ore",
            "metadata": 6,
            "weight": 10
          },
          {
            "name": "contenttweaker:sub_block_holder_3",
            "metadata": 7,
            "weight": 10
          }
        ],
        "material": "minecraft:stone",
        "cluster-size": 136
      },
      "cluster-count": 1,
      "chunk-chance": 10,
      "min-height": 20,
      "max-height": 30,
      "dimension": {
        "restriction": "blacklist",
        "value": [
          1,
          -1
        ]
      }
    },
    "Redstone": {
      "distribution": "uniform",
      "generator": {
        "block": [
          {
            "name": "minecraft:redstone_ore",
            "metadata": 0,
            "weight": 60
          },
          {
            "name": "biomesoplenty:gem_ore",
            "metadata": 1,
            "weight": 20
          },
          {
            "name": "thaumcraft:ore_cinnabar",
            "metadata": 1,
            "weight": 20
          }
        ],
        "material": "minecraft:stone",
        "cluster-size": 136
      },
      "cluster-count": 1,
      "chunk-chance": 20,
      "min-height": 10,
      "max-height": 25,
      "dimension": {
        "restriction": "blacklist",
        "value": [
          1,
          -1
        ]
      }
    },
    "Nickel": {
      "distribution": "uniform",
      "generator": {
        "block": [
          {
            "name": "thermalfoundation:ore",
            "metadata": 5,
            "weight": 85
          },
          {
            "name": "thermalfoundation:ore",
            "metadata": 6,
            "weight": 15
          }
        ],
        "material": "minecraft:stone",
        "cluster-size": 140
      },
      "cluster-count": 1,
      "chunk-chance": 25,
      "min-height": 5,
      "max-height": 20,
      "dimension": {
        "restriction": "blacklist",
        "value": [
          1,
          -1
        ]
      }
    },
    "Gold": {
      "distribution": "uniform",
      "generator": {
        "block": [
          {
            "name": "minecraft:gold_ore",
            "metadata": 0,
            "weight": 40
          },
          {
            "name": "minecraft:iron_ore",
            "metadata": 0,
            "weight": 60
          }
        ],
        "material": "minecraft:stone",
        "cluster-size": 142
      },
      "cluster-count": 1,
      "chunk-chance": 25,
      "min-height": 10,
      "max-height": 40,
      "dimension": {
        "restriction": "blacklist",
        "value": [
          1,
          -1
        ]
      }
    },
    "Galena": {
      "distribution": "uniform",
      "generator": {
        "block": [
          {
            "name": "thermalfoundation:ore",
            "metadata": 3,
            "weight": 55
          },
          {
            "name": "contenttweaker:sub_block_holder_0",
            "metadata": 8,
            "weight": 30
          },
          {
            "name": "thermalfoundation:ore",
            "metadata": 2,
            "weight": 25
          }
        ],
        "material": "minecraft:stone",
        "cluster-size": 136
      },
      "cluster-count": 1,
      "chunk-chance": 30,
      "min-height": 30,
      "max-height": 50,
      "dimension": {
        "restriction": "blacklist",
        "value": [
          1,
          -1
        ]
      }
    },
    "Quartz": {
      "distribution": "uniform",
      "generator": {
        "block": [
          {
            "name": "appliedenergistics2:quartz_ore",
            "metadata": 0,
            "weight": 45
          },
          {
            "name": "forestry:resources",
            "metadata": 0,
            "weight": 45
          },
          {
            "name": "appliedenergistics2:charged_quartz_ore",
            "metadata": 0,
            "weight": 5
          },
          {
            "name": "thaumcraft:ore_quartz",
            "metadata": 0,
            "weight": 5
          }
        ],
        "material": "minecraft:stone",
        "cluster-size": 136
      },
      "cluster-count": 1,
      "chunk-chance": 25,
      "min-height": 65,
      "max-height": 120,
      "dimension": {
        "restriction": "blacklist",
        "value": [
          1,
          -1
        ]
      }
    },
    "Bauxite": {
      "distribution": "uniform",
      "generator": {
        "block": [
          {
            "name": "contenttweaker:sub_block_holder_5",
            "metadata": 0,
            "weight": 70
          },
          {
            "name": "contenttweaker:sub_block_holder_0",
            "metadata": 11,
            "weight": 30
          }
        ],
        "material": "minecraft:stone",
        "cluster-size": 136
      },
      "cluster-count": 1,
      "chunk-chance": 45,
      "min-height": 45,
      "max-height": 120,
      "dimension": {
        "restriction": "blacklist",
        "value": [
          1,
          -1
        ]
      }
    },
    "Magnesium": {
      "distribution": "uniform",
      "generator": {
        "block": [
          {
            "name": "nuclearcraft:ore",
            "metadata": 7,
            "weight": 100
          }
        ],
        "material": "minecraft:stone",
        "cluster-size": 130
      },
      "cluster-count": 1,
      "chunk-chance": 50,
      "min-height": 25,
      "max-height": 40,
      "dimension": {
        "restriction": "blacklist",
        "value": [
          1,
          -1
        ]
      }
    },
    "Boron": {
      "distribution": "uniform",
      "generator": {
        "block": [
          {
            "name": "nuclearcraft:ore",
            "metadata": 5,
            "weight": 100
          }
        ],
        "material": "minecraft:stone",
        "cluster-size": 124
      },
      "cluster-count": 1,
      "chunk-chance": 50,
      "min-height": 10,
      "max-height": 20,
      "dimension": {
        "restriction": "blacklist",
        "value": [
          1,
          -1
        ]
      }
    },
    "Graphite": {
      "distribution": "uniform",
      "generator": {
        "block": [
          {
            "name": "contenttweaker:sub_block_holder_4",
            "metadata": 7,
            "weight": 70
          },
          {
            "name": "minecraft:coal_ore",
            "metadata": 0,
            "weight": 20
          },
          {
            "name": "minecraft:diamond_ore",
            "metadata": 0,
            "weight": 10
          }
        ],
        "material": "minecraft:stone",
        "cluster-size": 136
      },
      "cluster-count": 1,
      "chunk-chance": 60,
      "min-height": 1,
      "max-height": 20,
      "dimension": {
        "restriction": "blacklist",
        "value": [
          1,
          -1
        ]
      }
    },
    "Beryllium": {
      "distribution": "uniform",
      "generator": {
        "block": [
          {
            "name": "contenttweaker:sub_block_holder_4",
            "metadata": 13,
            "weight": 65
          },
          {
            "name": "minecraft:lapis_ore",
            "metadata": 0,
            "weight": 25
          },
          {
            "name": "minecraft:emerald_ore",
            "metadata": 0,
            "weight": 10
          }
        ],
        "material": "minecraft:stone",
        "cluster-size": 136
      },
      "cluster-count": 1,
      "chunk-chance": 60,
      "min-height": 10,
      "max-height": 30,
      "dimension": {
        "restriction": "blacklist",
        "value": [
          1,
          -1
        ]
      }
    },
    "Pitchblende": {
      "distribution": "uniform",
      "generator": {
        "block": [
          {
            "name": "nuclearcraft:ore",
            "metadata": 4,
            "weight": 20
          },
          {
            "name": "contenttweaker:sub_block_holder_3",
            "metadata": 14,
            "weight": 80
          }
        ],
        "material": "minecraft:stone",
        "cluster-size": 136
      },
      "cluster-count": 1,
      "chunk-chance": 100,
      "min-height": 2,
      "max-height": 13,
      "dimension": {
        "restriction": "blacklist",
        "value": [
          1,
          -1
        ]
      }
    },
    "Pyrolusite": {
      "distribution": "uniform",
      "generator": {
        "block": [
          {
            "name": "contenttweaker:sub_block_holder_4",
            "metadata": 6,
            "weight": 100
          }
        ],
        "material": "minecraft:stone",
        "cluster-size": 124
      },
      "cluster-count": 1,
      "chunk-chance": 130,
      "min-height": 10,
      "max-height": 25,
      "dimension": {
        "restriction": "blacklist",
        "value": [
          1,
          -1
        ]
      }
    },
    "Thorium": {
      "distribution": "uniform",
      "generator": {
        "block": [
          {
            "name": "nuclearcraft:ore",
            "metadata": 3,
            "weight": 30
          },
          {
            "name": "thermalfoundation:ore",
            "metadata": 3,
            "weight": 60
          },
          {
            "name": "nuclearcraft:ore",
            "metadata": 4,
            "weight": 10
          }
        ],
        "material": "minecraft:stone",
        "cluster-size": 130
      },
      "cluster-count": 1,
      "chunk-chance": 170,
      "min-height": 15,
      "max-height": 25,
      "dimension": {
        "restriction": "blacklist",
        "value": [
          1,
          -1
        ]
      }
    },
    "HighGold": {
      "distribution": "uniform",
      "generator": {
        "block": [
          {
            "name": "minecraft:gold_ore",
            "metadata": 0,
            "weight": 30
          },
          {
            "name": "minecraft:iron_ore",
            "metadata": 0,
            "weight": 45
          },
          {
            "name": "minecraft:stone",
            "metadata": 0,
            "weight": 25
          }
        ],
        "material": "minecraft:stone",
        "cluster-size": 25
      },
      "cluster-count": 2,
      "chunk-chance": 1,
      "min-height": 90,
      "max-height": 230,
      "dimension": {
        "restriction": "blacklist",
        "value": [
          1,
          -1
        ]
      }
    },
    "HighCopper": {
      "distribution": "uniform",
      "generator": {
        "block": [
          {
            "name": "thermalfoundation:ore",
            "metadata": 0,
            "weight": 30
          },
          {
            "name": "contenttweaker:sub_block_holder_0",
            "metadata": 5,
            "weight": 45
          },
          {
            "name": "minecraft:stone",
            "metadata": 0,
            "weight": 25
          }
        ],
        "material": "minecraft:stone",
        "cluster-size": 25
      },
      "cluster-count": 2,
      "chunk-chance": 1,
      "min-height": 90,
      "max-height": 230,
      "dimension": {
        "restriction": "blacklist",
        "value": [
          1,
          -1
        ]
      }
    },
    "HighCoal": {
      "distribution": "uniform",
      "generator": {
        "block": [
          {
            "name": "contenttweaker:sub_block_holder_4",
            "metadata": 15,
            "weight": 65
          },
          {
            "name": "minecraft:coal_ore",
            "metadata": 0,
            "weight": 10
          },
          {
            "name": "minecraft:stone",
            "metadata": 0,
            "weight": 25
          }
        ],
        "material": "minecraft:stone",
        "cluster-size": 25
      },
      "cluster-count": 2,
      "chunk-chance": 1,
      "min-height": 90,
      "max-height": 230,
      "dimension": {
        "restriction": "blacklist",
        "value": [
          1,
          -1
        ]
      }
    },
    "VeryHighGold": {
      "distribution": "uniform",
      "generator": {
        "block": [
          {
            "name": "minecraft:gold_ore",
            "metadata": 0,
            "weight": 30
          },
          {
            "name": "minecraft:iron_ore",
            "metadata": 0,
            "weight": 45
          },
          {
            "name": "minecraft:stone",
            "metadata": 0,
            "weight": 25
          }
        ],
        "material": "minecraft:stone",
        "cluster-size": 25
      },
      "cluster-count": 3,
      "chunk-chance": 1,
      "min-height": 150,
      "max-height": 230,
      "dimension": {
        "restriction": "blacklist",
        "value": [
          1,
          -1
        ]
      }
    },
    "VeryHighCopper": {
      "distribution": "uniform",
      "generator": {
        "block": [
          {
            "name": "thermalfoundation:ore",
            "metadata": 0,
            "weight": 30
          },
          {
            "name": "contenttweaker:sub_block_holder_0",
            "metadata": 5,
            "weight": 45
          },
          {
            "name": "minecraft:stone",
            "metadata": 0,
            "weight": 25
          }
        ],
        "material": "minecraft:stone",
        "cluster-size": 25
      },
      "cluster-count": 3,
      "chunk-chance": 1,
      "min-height": 150,
      "max-height": 230,
      "dimension": {
        "restriction": "blacklist",
        "value": [
          1,
          -1
        ]
      }
    },
    "VeryHighCoal": {
      "distribution": "uniform",
      "generator": {
        "block": [
          {
            "name": "contenttweaker:sub_block_holder_4",
            "metadata": 15,
            "weight": 65
          },
          {
            "name": "minecraft:coal_ore",
            "metadata": 0,
            "weight": 10
          },
          {
            "name": "minecraft:stone",
            "metadata": 0,
            "weight": 25
          }
        ],
        "material": "minecraft:stone",
        "cluster-size": 25
      },
      "cluster-count": 3,
      "chunk-chance": 1,
      "min-height": 150,
      "max-height": 230,
      "dimension": {
        "restriction": "blacklist",
        "value": [
          1,
          -1
        ]
      }
    }
  }
}